Direction,Order,Expiration,Asset,Open time,Close time,Open price,Close price,Trade amount,Profit,Currency
put,f3b60897-8387-4f7a-948f-2b23c029fee1,S120,EUR/USD OTC,2026-07-23 04:13:17,2026-07-23 04:15:17,1.13376,1.13374,2,1.84,USD
put,0be0a990-b7e9-4165-aa48-69352892e495,S120,EUR/USD OTC,2026-07-23 04:13:17,2026-07-23 04:15:17,1.13379,1.13374,2,1.84,USD
put,06121ca4-48d8-44ee-a3a0-f1831d775689,S120,EUR/USD OTC,2026-07-23 04:13:17,2026-07-23 04:15:17,1.13376,1.13374,2,1.84,USD
put,58a13661-3b91-48f7-a9b9-b616b73ba5cf,S120,EUR/USD OTC,2026-07-23 04:13:16,2026-07-23 04:15:16,1.13377,1.13369,2,1.84,USD
put,cc215ab1-d8dc-402d-8979-ff72c50d2a76,S120,EUR/USD OTC,2026-07-23 04:13:15,2026-07-23 04:15:15,1.13375,1.13368,2,1.84,USD
put,53640184-6d5b-4ee4-80eb-84fdbe30852f,S120,EUR/USD OTC,2026-07-23 04:13:15,2026-07-23 04:15:15,1.13377,1.13368,2,1.84,USD
put,c41ac53e-0578-4a60-9f2f-de0c296c9bd5,S120,EUR/USD OTC,2026-07-23 04:13:14,2026-07-23 04:15:14,1.13387,1.13366,2,1.84,USD
put,082f20d8-e6d6-4a43-a7b9-60f2bf81bb5c,S120,EUR/USD OTC,2026-07-23 04:13:14,2026-07-23 04:15:14,1.13377,1.13366,2,1.84,USD
put,2aa04914-451a-41ff-a29b-7decce62ac2b,S120,EUR/USD OTC,2026-07-23 04:13:13,2026-07-23 04:15:13,1.13383,1.13365,2,1.84,USD
put,1d60ca42-5eef-4a16-9782-4f063a887e8b,S120,EUR/USD OTC,2026-07-23 04:13:13,2026-07-23 04:15:13,1.13387,1.13365,2,1.84,USD
put,ce1a2b28-ad5f-42cb-afdb-b400b623efbd,S120,EUR/USD OTC,2026-07-23 04:13:12,2026-07-23 04:15:12,1.13382,1.13369,2,1.84,USD
put,3d442bdf-f5af-4f74-a148-ba917f0b5dba,S120,EUR/USD OTC,2026-07-23 04:13:12,2026-07-23 04:15:12,1.13381,1.13369,2,1.84,USD
put,fa6665e8-402a-45b5-9fbe-9bf869d5021d,S120,EUR/USD OTC,2026-07-23 04:13:11,2026-07-23 04:15:11,1.13381,1.13366,2,1.84,USD
put,2841e3fa-6a65-4c57-90ad-87b7bde38869,S120,EUR/USD OTC,2026-07-23 04:13:11,2026-07-23 04:15:11,1.13382,1.13366,2,1.84,USD
put,e3bd7a84-b348-495f-89aa-6269b7bebc9b,S120,EUR/USD OTC,2026-07-23 04:13:10,2026-07-23 04:15:10,1.1338,1.13362,2,1.84,USD
put,cc8a9308-5a4a-454c-9222-43b6cf06f3a1,S120,EUR/USD OTC,2026-07-23 04:13:10,2026-07-23 04:15:10,1.13382,1.13362,2,1.84,USD
put,b1f01408-d13e-4bb9-9b59-5165e7ee52e6,S120,EUR/USD OTC,2026-07-23 04:13:09,2026-07-23 04:15:09,1.13376,1.13361,2,1.84,USD
put,5ba51291-714c-4a8e-a20f-19e09fe6d3b3,S120,EUR/USD OTC,2026-07-23 04:13:09,2026-07-23 04:15:09,1.13378,1.13361,2,1.84,USD
put,c601f566-67c1-4f9f-ace6-dace35c13940,S120,EUR/USD OTC,2026-07-23 04:13:08,2026-07-23 04:15:08,1.13388,1.1336,2,1.84,USD
put,5d46260f-7436-461f-8aee-c72788f84bbc,S60,EUR/USD OTC,2026-07-23 04:12:01,2026-07-23 04:13:01,1.13376,1.13387,2,-2,USD
put,fd686e82-28c9-4e88-947e-d26aca868bcd,S60,EUR/USD OTC,2026-07-23 04:09:09,2026-07-23 04:10:09,1.13319,1.13341,2,-2,USD
put,3f9a2ed2-3539-4f9b-959d-ab49f74a7d88,S60,EUR/USD OTC,2026-07-23 04:09:07,2026-07-23 04:10:07,1.13318,1.13342,2,-2,USD
put,4f6ff93c-a6c7-4c14-a0e2-af0327a9365d,S60,EUR/USD OTC,2026-07-23 04:09:06,2026-07-23 04:10:06,1.13317,1.13342,2,-2,USD
put,03e3fd2f-69a4-4543-873e-9a4a53db619b,S60,EUR/USD OTC,2026-07-23 04:09:04,2026-07-23 04:10:04,1.13314,1.13334,2,-2,USD
put,c4203f17-5be2-48e3-9add-e4cd17d681f6,S60,EUR/USD OTC,2026-07-23 04:09:03,2026-07-23 04:10:03,1.13313,1.13333,2,-2,USD
put,db6e7248-ffb3-403a-8f55-ea0d4da18d40,S60,EUR/USD OTC,2026-07-23 04:08:03,2026-07-23 04:09:03,1.13305,1.13313,2,-2,USD
put,7ad2fecb-0ffd-4a65-b903-14ee178a35ea,S60,EUR/USD OTC,2026-07-23 04:08:01,2026-07-23 04:09:01,1.13298,1.13316,2,-2,USD
put,adc5827c-22fd-4aa1-ba1e-ae79d4c9ee2e,S60,EUR/USD OTC,2026-07-23 04:03:02,2026-07-23 04:04:02,1.13337,1.13316,2,1.84,USD
put,fd691b50-69fd-4148-b9fc-bc9eb1b9a2dd,S60,EUR/USD OTC,2026-07-23 04:01:37,2026-07-23 04:02:37,1.13397,1.13328,2,1.84,USD
put,49606d46-c42a-4577-a507-1371d8b18b20,S60,EUR/USD OTC,2026-07-23 04:01:36,2026-07-23 04:02:36,1.134,1.13329,2,1.84,USD
put,eedbc63b-559d-4c03-9a55-fa22be9c661d,S60,EUR/USD OTC,2026-07-23 03:59:33,2026-07-23 04:00:33,1.13406,1.13404,2,1.84,USD
put,ce1c4e4f-7a3d-42f5-ae78-1bb10c6c30ad,S60,EUR/USD OTC,2026-07-23 03:59:29,2026-07-23 04:00:29,1.13405,1.134,2,1.84,USD
put,8f3e86f9-6b84-4ec0-a226-5ecd774234a7,S60,EUR/USD OTC,2026-07-23 03:59:27,2026-07-23 04:00:27,1.13404,1.13396,2,1.84,USD
put,30e8665d-1ac0-4b78-b344-f11433430749,S60,EUR/USD OTC,2026-07-23 03:58:21,2026-07-23 03:59:21,1.13394,1.13423,2,-2,USD
put,250f7bd4-3b14-4ef2-9ef9-509206ae3363,S60,EUR/USD OTC,2026-07-23 03:57:17,2026-07-23 03:58:17,1.13399,1.134,2,-2,USD
put,7f5cc29e-644e-491e-a3c6-920430a3b180,S60,EUR/USD OTC,2026-07-23 03:57:16,2026-07-23 03:58:16,1.13397,1.13394,2,1.84,USD
put,71a58c49-e648-4558-9bf0-eedd55dd2e7f,S60,EUR/USD OTC,2026-07-23 03:57:15,2026-07-23 03:58:15,1.13401,1.13395,2,1.84,USD
put,aece3c41-83d3-4f4e-8982-48490441fee8,S60,EUR/USD OTC,2026-07-23 03:57:14,2026-07-23 03:58:14,1.13405,1.13396,2,1.84,USD
put,32a1795d-6af0-4ecf-bcfc-efc92c50227d,S60,EUR/USD OTC,2026-07-23 03:49:32,2026-07-23 03:50:32,1.13485,1.13465,2,1.84,USD
put,73e7f926-0a4c-4e9a-81fb-3a9065c1baec,S60,EUR/USD OTC,2026-07-23 03:49:31,2026-07-23 03:50:31,1.13487,1.13463,2,1.84,USD
put,3c1dea9b-8cdf-4574-af7d-d46e855c7f43,S60,EUR/USD OTC,2026-07-23 03:48:03,2026-07-23 03:49:03,1.13411,1.13451,2,-2,USD
call,21989793-ab36-4dcd-9f28-499e5fb6986e,S60,EUR/USD OTC,2026-07-23 03:39:43,2026-07-23 03:40:43,1.13334,1.13336,2,1.84,USD
call,8e8c15a9-a2a2-4691-8682-b31ef23a7691,S60,EUR/USD OTC,2026-07-23 03:39:41,2026-07-23 03:40:41,1.13333,1.13343,2,1.84,USD
call,286d9791-e46f-4dba-9684-0c2e9b598796,S60,EUR/USD OTC,2026-07-23 03:39:40,2026-07-23 03:40:40,1.13335,1.13345,2,1.84,USD
put,daba2328-3e5e-41be-9481-428006376fa9,S60,EUR/USD OTC,2026-07-23 03:36:01,2026-07-23 03:37:01,1.13384,1.13334,2,1.84,USD
put,41b867ea-78fa-4af1-a9bd-f8a660e8f3a9,S60,EUR/USD OTC,2026-07-23 03:33:06,2026-07-23 03:34:06,1.13412,1.13401,2,1.84,USD
put,ac2aa7d1-9799-490a-85e1-7e525c374240,S60,EUR/USD OTC,2026-07-23 03:23:16,2026-07-23 03:24:16,1.13498,1.13487,2,1.84,USD
put,92d93bae-d249-465c-b0bc-332770d17368,S60,EUR/USD OTC,2026-07-23 03:23:14,2026-07-23 03:24:14,1.13498,1.13488,2,1.84,USD
put,e3880204-2290-403c-842c-66775e08d21e,S60,EUR/USD OTC,2026-07-23 03:21:32,2026-07-23 03:22:32,1.13558,1.13552,2,1.84,USD
put,cd84d0d9-5c1e-40f5-88f6-df60c7040ccc,S60,EUR/USD OTC,2026-07-23 03:21:32,2026-07-23 03:22:32,1.13558,1.13552,2,1.84,USD
put,aa50ea91-f8ca-47b7-88cc-7732396051f0,S60,EUR/USD OTC,2026-07-23 03:21:31,2026-07-23 03:22:31,1.13556,1.13544,2,1.84,USD
put,a9e432bc-3f4c-477d-a532-19c50843e874,S60,EUR/USD OTC,2026-07-23 03:21:31,2026-07-23 03:22:31,1.1356,1.13544,2,1.84,USD
put,01e05ab0-67c4-4f87-9660-1d1a9ea93257,S60,EUR/USD OTC,2026-07-23 03:21:30,2026-07-23 03:22:30,1.13556,1.13544,2,1.84,USD
put,8be5ddf2-ecd0-4906-b2fe-c5ecfd3671db,S60,EUR/USD OTC,2026-07-23 03:21:29,2026-07-23 03:22:29,1.1356,1.13538,2,1.84,USD
put,1fb2be54-9bcb-4728-965b-6fab099a07cc,S60,EUR/USD OTC,2026-07-23 03:21:29,2026-07-23 03:22:29,1.13561,1.13538,2,1.84,USD
put,ba64dbff-8137-4ec7-b195-3ef67430ed8a,S60,EUR/USD OTC,2026-07-23 03:21:28,2026-07-23 03:22:28,1.13559,1.13542,2,1.84,USD
put,fa8e8c6f-071f-4eea-acc6-04fc977fecb0,S60,EUR/USD OTC,2026-07-23 03:21:27,2026-07-23 03:22:27,1.13558,1.13543,2,1.84,USD
put,37d7a171-fe6f-4269-9b28-53f6beb38a90,S60,EUR/USD OTC,2026-07-23 03:21:27,2026-07-23 03:22:27,1.13557,1.13543,2,1.84,USD
put,52ea9c49-e1a1-4996-8bf2-8165d92b5ef7,S60,EUR/USD OTC,2026-07-23 03:21:26,2026-07-23 03:22:26,1.13554,1.13546,2,1.84,USD
put,087e46f1-de75-49da-ae1d-0beec2e8c150,S60,EUR/USD OTC,2026-07-23 03:21:25,2026-07-23 03:22:25,1.13553,1.13546,2,1.84,USD
put,024ac819-5dbb-48a0-a783-57ede35c538c,S60,EUR/USD OTC,2026-07-23 03:20:02,2026-07-23 03:21:02,1.13574,1.13582,2,-2,USD
put,2e83272e-bfa1-4721-a5cd-7a607ba7bd86,S60,EUR/USD OTC,2026-07-23 03:20:00,2026-07-23 03:21:00,1.13573,1.13582,2,-2,USD
call,fc21f942-4f29-42e6-a2b5-8eff58840706,S60,EUR/USD OTC,2026-07-23 03:16:09,2026-07-23 03:17:09,1.13606,1.13599,2,-2,USD
call,ec35d632-6a0b-4d3f-910c-427124b06f94,S60,EUR/USD OTC,2026-07-23 03:16:08,2026-07-23 03:17:08,1.13603,1.13588,2,-2,USD
call,59bae9bf-b954-4398-a3ba-6deb02475ab6,S60,EUR/USD OTC,2026-07-23 03:16:07,2026-07-23 03:17:07,1.13602,1.13587,2,-2,USD
call,104667cb-b641-4e84-bae7-a00dc527e55f,S60,EUR/USD OTC,2026-07-23 03:16:06,2026-07-23 03:17:06,1.13602,1.1359,2,-2,USD
call,d0114bef-f062-4deb-b58d-7f51db73e483,S60,EUR/USD OTC,2026-07-23 03:16:05,2026-07-23 03:17:05,1.13599,1.13594,2,-2,USD
put,2442a137-607b-419c-a293-c51ece1eaa9f,S60,EUR/USD OTC,2026-07-23 03:14:05,2026-07-23 03:15:05,1.13572,1.13573,2,-2,USD
put,ca8d35a2-9f38-43ac-8733-c59012814bd2,S60,EUR/USD OTC,2026-07-23 03:14:02,2026-07-23 03:15:02,1.13572,1.13572,2,0,USD
call,df1ac072-e6ad-4043-ac29-58d3539c4af1,S60,EUR/USD OTC,2026-07-23 03:11:08,2026-07-23 03:12:08,1.13577,1.13578,2,1.84,USD
call,ab2bd81f-3a1f-4a29-80cb-f61dce08c135,S60,EUR/USD OTC,2026-07-23 03:11:07,2026-07-23 03:12:07,1.1358,1.13575,2,-2,USD
call,671b67ef-cc1d-460e-823d-c3bf38e893a2,S60,EUR/USD OTC,2026-07-23 03:11:06,2026-07-23 03:12:06,1.13576,1.13577,2,1.84,USD
call,1d9d1252-500b-4b91-8de9-2280e295a6c7,S60,EUR/USD OTC,2026-07-23 03:11:06,2026-07-23 03:12:06,1.13578,1.13577,2,-2,USD
call,87a58b7c-5365-4111-bb00-46f813ab6e58,S60,EUR/USD OTC,2026-07-23 03:11:05,2026-07-23 03:12:05,1.1357,1.13573,2,1.84,USD
call,c9fbcaa6-2f48-4b3c-b3fe-26dacaf9368f,S60,EUR/USD OTC,2026-07-23 03:11:04,2026-07-23 03:12:04,1.1357,1.13572,2,1.84,USD
call,dbab692d-9231-419f-abb2-82841bee5b4f,S60,EUR/USD OTC,2026-07-23 03:11:03,2026-07-23 03:12:03,1.1357,1.13572,2,1.84,USD
call,5b801b1f-681c-469d-9049-5e5cb2df6799,S60,EUR/USD OTC,2026-07-23 03:11:03,2026-07-23 03:12:03,1.1357,1.13572,2,1.84,USD
call,3ace9694-705f-493a-8f21-abf81d9a6af8,S60,EUR/USD OTC,2026-07-23 03:11:02,2026-07-23 03:12:02,1.1357,1.13577,2,1.84,USD
call,1e92a62f-c48b-4756-ad01-0dc45e2b0b70,S60,EUR/USD OTC,2026-07-23 03:11:02,2026-07-23 03:12:02,1.1357,1.13577,2,1.84,USD
call,40146e2d-5f98-4869-bea3-94ec0e50ffd7,S60,EUR/USD OTC,2026-07-23 03:11:01,2026-07-23 03:12:01,1.13571,1.13576,2,1.84,USD
put,820853bb-89bd-402c-ad8d-32f7ddca5bcd,S60,EUR/USD OTC,2026-07-23 03:07:10,2026-07-23 03:08:10,1.13562,1.13564,2,-2,USD
put,b9675ecb-678c-42a2-a0c5-bbad6361e012,S60,EUR/USD OTC,2026-07-23 03:07:09,2026-07-23 03:08:09,1.13563,1.13571,2,-2,USD
put,0cf87cfe-1e4e-42ab-bd12-53901dd0685d,S60,EUR/USD OTC,2026-07-23 03:07:07,2026-07-23 03:08:07,1.13568,1.13576,2,-2,USD
put,107d8d7e-d25a-4aea-ad1f-4c80b685b6cd,S60,EUR/USD OTC,2026-07-23 03:07:05,2026-07-23 03:08:05,1.13565,1.13573,2,-2,USD
put,2a2464fd-ff6b-4356-afbc-c63b256a7892,S60,EUR/USD OTC,2026-07-23 03:07:02,2026-07-23 03:08:02,1.13566,1.13568,2,-2,USD
put,61a2397a-a81e-4d87-ae6e-4dded3510926,S60,EUR/USD OTC,2026-07-23 03:05:45,2026-07-23 03:06:45,1.1347,1.13531,2,-2,USD
put,1c42c657-2bbc-43c3-adab-eeac3c5a4d22,S60,EUR/USD OTC,2026-07-23 03:05:43,2026-07-23 03:06:43,1.1347,1.13534,2,-2,USD
put,0fc6a69c-38bc-4040-aa57-03c51d85c5d2,S60,EUR/USD OTC,2026-07-23 03:01:39,2026-07-23 03:02:39,1.13483,1.13445,2,1.84,USD
put,d1c0d40b-58e4-4e95-87db-0a7ce7f71cac,S60,EUR/USD OTC,2026-07-23 03:01:37,2026-07-23 03:02:37,1.13483,1.1345,2,1.84,USD
put,8636cc3c-f81c-48e5-9a22-2f995d19be31,S60,EUR/USD OTC,2026-07-23 03:01:36,2026-07-23 03:02:36,1.13481,1.13452,2,1.84,USD
put,07e44d50-5489-42f8-adf1-6f8ee96bce0e,S60,EUR/USD OTC,2026-07-23 03:01:35,2026-07-23 03:02:35,1.1348,1.13451,2,1.84,USD
put,d42f0e0a-ce6b-430b-a198-be9e15a34b37,S60,EUR/USD OTC,2026-07-23 03:01:34,2026-07-23 03:02:34,1.13478,1.13451,2,1.84,USD
put,df9a9461-27e8-4d78-89af-bffb1ce5a481,S60,EUR/USD OTC,2026-07-23 03:00:18,2026-07-23 03:01:18,1.1347,1.13492,2,-2,USD
put,b868ded0-b103-4ebb-b359-41ce75b87e88,S60,EUR/USD OTC,2026-07-23 03:00:16,2026-07-23 03:01:16,1.13468,1.13493,2,-2,USD
put,7bfd5378-27dc-4535-9086-4de77858e93e,S60,EUR/USD OTC,2026-07-23 02:57:15,2026-07-23 02:58:15,1.13521,1.13522,2,-2,USD
put,d0936a49-c3fc-429c-b8ea-083cfb8edc8d,S60,EUR/USD OTC,2026-07-23 02:57:13,2026-07-23 02:58:13,1.13523,1.13522,2,1.84,USD
call,d86cc227-01f3-4266-8762-20ce7f0bed05,S60,EUR/USD OTC,2026-07-23 02:55:06,2026-07-23 02:56:06,1.13538,1.1354,2,1.84,USD
put,3f951582-9e3e-4dcc-a00c-b9abf1cfea8b,S60,EUR/USD OTC,2026-07-23 02:50:00,2026-07-23 02:51:00,1.13568,1.13535,2,1.84,USD
call,cb783741-776a-45da-8bb7-49f200867c57,S60,EUR/USD OTC,2026-07-23 02:48:45,2026-07-23 02:49:45,1.13561,1.13569,2,1.84,USD
call,82dea5cb-a958-419c-add0-c1ceb1a1e0af,S60,EUR/USD OTC,2026-07-23 02:48:44,2026-07-23 02:49:44,1.13556,1.13565,2,1.84,USD
call,3a991103-b295-4c12-8be0-48a5f0a65bed,S60,EUR/USD OTC,2026-07-23 02:48:43,2026-07-23 02:49:43,1.13553,1.13564,2,1.84,USD
call,f98f94e5-d26b-4418-9037-c579ac1e2d63,S60,EUR/USD OTC,2026-07-23 02:48:41,2026-07-23 02:49:41,1.13555,1.13575,2,1.84,USD
call,e7a1957e-ea97-436d-9695-2bf0567d0a1c,S60,EUR/USD OTC,2026-07-23 02:47:20,2026-07-23 02:48:20,1.13554,1.13551,2,-2,USD
call,665c50cb-eea3-444a-9399-128c53db0cdb,S60,EUR/USD OTC,2026-07-23 02:47:19,2026-07-23 02:48:19,1.13558,1.13548,2,-2,USD
call,af6a26e1-c095-4b81-854d-74f6dfdd4375,S60,EUR/USD OTC,2026-07-23 02:47:17,2026-07-23 02:48:17,1.13554,1.13561,2,1.84,USD
call,e3d03cb8-f8b5-4147-8c32-88146049248d,S60,EUR/USD OTC,2026-07-23 02:47:16,2026-07-23 02:48:16,1.13555,1.1356,2,1.84,USD
call,bc85cccc-0820-457d-8ad1-2ff1ca70a99d,S60,EUR/USD OTC,2026-07-23 02:47:15,2026-07-23 02:48:15,1.13555,1.13559,2,1.84,USD
put,c5b482df-93a1-414b-8ac0-18f29838d208,S60,EUR/USD OTC,2026-07-23 02:44:14,2026-07-23 02:45:14,1.13486,1.13507,2,-2,USD
put,a4fed3ab-6726-40b1-b94d-d4d3c04711ef,S60,EUR/USD OTC,2026-07-23 02:44:12,2026-07-23 02:45:12,1.13486,1.13494,2,-2,USD
put,ae5b8a44-a701-41db-90aa-93b0db42c7ad,S60,EUR/USD OTC,2026-07-23 02:44:11,2026-07-23 02:45:11,1.1349,1.13483,2,1.84,USD
call,df5504e8-b5b5-4d3e-98d3-837502a1cd2e,S60,EUR/USD OTC,2026-07-23 02:40:14,2026-07-23 02:41:14,1.13502,1.13531,2,1.84,USD
call,ff1ab23d-7ae6-48a9-ba99-7a2b2d24b123,S60,EUR/USD OTC,2026-07-23 02:40:13,2026-07-23 02:41:13,1.13501,1.13532,2,1.84,USD
call,bab8df06-530b-40be-8593-364a31b2c147,S60,EUR/USD OTC,2026-07-23 02:40:13,2026-07-23 02:41:13,1.13506,1.13532,2,1.84,USD
call,d49a1cd0-7d52-477c-b97a-744387050f64,S60,EUR/USD OTC,2026-07-23 02:40:12,2026-07-23 02:41:12,1.13506,1.1353,2,1.84,USD
call,be09c122-2a08-4b16-8fa6-98c26f707647,S60,EUR/USD OTC,2026-07-23 02:40:12,2026-07-23 02:41:12,1.13509,1.1353,2,1.84,USD
call,23f5ec8e-d872-41bb-a2ae-29f7640443f4,S60,EUR/USD OTC,2026-07-23 02:40:12,2026-07-23 02:41:12,1.13507,1.1353,2,1.84,USD
call,5fa104fc-605c-44ee-b976-1c0358191955,S60,EUR/USD OTC,2026-07-23 02:40:11,2026-07-23 02:41:11,1.1351,1.13528,2,1.84,USD
call,13e65f05-f50f-4ba9-8859-720b2fd76d81,S60,EUR/USD OTC,2026-07-23 02:40:10,2026-07-23 02:41:10,1.13505,1.13529,2,1.84,USD
call,a6e11015-d5e5-4ea1-8096-4bef0062dc59,S60,EUR/USD OTC,2026-07-23 02:40:07,2026-07-23 02:41:07,1.13496,1.13537,2,1.84,USD
put,cba75249-c0b9-4c0b-9a55-4c1a42bc1b73,S60,EUR/USD OTC,2026-07-23 02:37:04,2026-07-23 02:38:04,1.13414,1.13431,2,-2,USD
put,df98605e-add6-4220-bacf-d5f22fa0c144,S60,EUR/USD OTC,2026-07-23 02:37:02,2026-07-23 02:38:02,1.1341,1.13431,2,-2,USD
put,6db98f71-982f-43dc-a201-6b9f16523cbe,S60,EUR/USD OTC,2026-07-23 02:37:01,2026-07-23 02:38:01,1.13414,1.1343,2,-2,USD
put,78e050d6-06c2-4b80-98bd-0825bacfcaf5,S60,EUR/USD OTC,2026-07-23 02:37:00,2026-07-23 02:38:00,1.13415,1.1343,2,-2,USD
put,67a45d0b-3931-4665-a6ce-fa16b1189b6c,S60,EUR/USD OTC,2026-07-23 02:34:34,2026-07-23 02:35:34,1.13421,1.1342,2,1.84,USD
put,a351c9c8-6f3f-4d29-bec8-9e2f8f305c7f,S60,EUR/USD OTC,2026-07-23 02:34:33,2026-07-23 02:35:33,1.1342,1.13417,2,1.84,USD
put,2a65bde7-ec9d-444d-8acc-9661db1d5835,S60,EUR/USD OTC,2026-07-23 02:34:32,2026-07-23 02:35:32,1.13426,1.13416,2,1.84,USD
put,25b83807-7709-44b3-a970-56422554b5af,S60,EUR/USD OTC,2026-07-23 02:34:30,2026-07-23 02:35:30,1.13427,1.13413,2,1.84,USD
put,538540d8-af6c-47b7-ab15-bcfd720137cb,S60,EUR/USD OTC,2026-07-23 02:34:28,2026-07-23 02:35:28,1.13429,1.13409,2,1.84,USD
put,00aff76a-8099-4e67-bc85-627b78155fa6,S60,EUR/USD OTC,2026-07-23 02:34:27,2026-07-23 02:35:27,1.13422,1.1341,2,1.84,USD
put,1e01a4df-bf7f-4ab6-947b-78d6d1143e1e,S60,EUR/USD OTC,2026-07-23 02:34:26,2026-07-23 02:35:26,1.13423,1.13405,2,1.84,USD
call,c65ceedf-5796-4843-a97c-fc6615945bbd,S60,EUR/USD OTC,2026-07-23 02:34:04,2026-07-23 02:35:04,1.13471,1.13418,2,-2,USD
call,c2718685-c39d-4507-952e-dc1346162e4a,S60,EUR/USD OTC,2026-07-23 02:34:03,2026-07-23 02:35:03,1.13471,1.13411,2,-2,USD
call,f46ad8c9-810e-4614-a9ef-94081ee83cde,S60,EUR/USD OTC,2026-07-23 02:31:00,2026-07-23 02:32:00,1.13403,1.13463,2,1.84,USD
call,82fa3039-c9eb-4bda-8239-4bb95fe226ed,S60,EUR/USD OTC,2026-07-23 02:24:30,2026-07-23 02:25:30,1.13447,1.13474,2,1.84,USD
call,1ebdb844-bd09-4ec6-b16e-e734ad51ab1f,S60,EUR/USD OTC,2026-07-23 02:24:28,2026-07-23 02:25:28,1.13445,1.13474,2,1.84,USD
call,52ad3c19-efdb-4978-8566-edb011aebfef,S60,EUR/USD OTC,2026-07-23 02:24:27,2026-07-23 02:25:27,1.13442,1.13477,2,1.84,USD
call,d8187bb4-5ed9-495a-b4d5-c167f78842f3,S60,EUR/USD OTC,2026-07-23 02:24:26,2026-07-23 02:25:26,1.13444,1.13472,2,1.84,USD
call,9149d088-855b-43c5-86fb-dd1dd23c10c6,S60,EUR/USD OTC,2026-07-22 19:46:08,2026-07-22 19:47:08,1.13131,1.1315,2,1.84,USD
call,7b5b8939-94fe-492b-b30c-4a7898574edc,S60,EUR/USD OTC,2026-07-22 19:46:06,2026-07-22 19:47:06,1.13127,1.13154,2,1.84,USD
call,e8b9336c-5f65-4743-8575-0d2a25e3c670,S60,EUR/USD OTC,2026-07-22 19:44:03,2026-07-22 19:45:03,1.13026,1.13088,2,1.84,USD
call,b4c6f1cf-381c-4c82-ba4c-e6b46cb4cf63,S60,EUR/USD OTC,2026-07-22 19:44:02,2026-07-22 19:45:02,1.13024,1.13086,2,1.84,USD
call,24e3092b-42b3-4851-8941-b2e47454ab76,S60,EUR/USD OTC,2026-07-22 19:44:00,2026-07-22 19:45:00,1.13012,1.13086,2,1.84,USD
call,23da5594-0f58-4f88-b828-71e899060f96,S60,EUR/USD OTC,2026-07-22 19:42:45,2026-07-22 19:43:45,1.12998,1.1302,2,1.84,USD
call,ecb0fc07-63c0-4faa-9832-f04c5cf60277,S60,EUR/USD OTC,2026-07-22 19:42:44,2026-07-22 19:43:44,1.12995,1.13015,2,1.84,USD
call,1bd6ff04-f8bb-455a-93b8-3bdf78cfd66d,S60,EUR/USD OTC,2026-07-22 19:42:42,2026-07-22 19:43:42,1.12997,1.13018,2,1.84,USD
put,15a25350-0892-4431-8cb7-69a725638065,S60,EUR/USD OTC,2026-07-22 19:36:19,2026-07-22 19:37:19,1.12997,1.12982,2,1.84,USD
put,181de6dc-9232-4446-a1e3-ecd5046977ef,S60,EUR/USD OTC,2026-07-22 19:36:18,2026-07-22 19:37:18,1.12999,1.12978,2,1.84,USD
put,ab37f1b0-7e7f-4612-80f5-f1e2d3c7b310,S60,EUR/USD OTC,2026-07-22 19:36:17,2026-07-22 19:37:17,1.12996,1.12977,2,1.84,USD
put,63019cf0-9da0-401d-b168-8da80f2f7590,S60,EUR/USD OTC,2026-07-22 19:36:15,2026-07-22 19:37:15,1.12996,1.12972,2,1.84,USD
put,3dc2fe89-5338-49ea-82f8-69ba0316044a,S60,EUR/USD OTC,2026-07-22 19:36:15,2026-07-22 19:37:15,1.12998,1.12972,2,1.84,USD
call,edabd20d-1d29-4bd7-a85e-46557e8ff8f1,S60,EUR/USD OTC,2026-07-22 19:33:10,2026-07-22 19:34:10,1.13043,1.13053,2,1.84,USD
call,831525f9-d172-4700-b7c3-66bc58df937d,S60,EUR/USD OTC,2026-07-22 19:33:10,2026-07-22 19:34:10,1.13043,1.13053,2,1.84,USD
call,0979f367-3509-4625-88f1-2b14186ee2f0,S60,EUR/USD OTC,2026-07-22 19:33:09,2026-07-22 19:34:09,1.13043,1.13054,2,1.84,USD
call,1ae2947c-22dc-4dc4-82d4-b3b23bbf3285,S60,EUR/USD OTC,2026-07-22 19:33:08,2026-07-22 19:34:08,1.13043,1.13056,2,1.84,USD
call,d37fcf29-123b-4464-a735-e6dc4a8a43e2,S60,EUR/USD OTC,2026-07-22 19:33:07,2026-07-22 19:34:07,1.13044,1.13053,2,1.84,USD
call,9199d81f-4c0c-4177-b78a-2c063dfde02a,S60,EUR/USD OTC,2026-07-22 19:33:07,2026-07-22 19:34:07,1.13046,1.13053,2,1.84,USD
call,bb039df7-538d-40a4-bcdd-ada2127f9554,S60,EUR/USD OTC,2026-07-22 19:33:06,2026-07-22 19:34:06,1.13045,1.13051,2,1.84,USD
call,7b875c73-da66-4f64-bf52-d88235e598b3,S60,EUR/USD OTC,2026-07-22 19:33:05,2026-07-22 19:34:05,1.13045,1.13051,2,1.84,USD
call,58008424-77ae-46b9-a117-28d6370cff3b,S60,EUR/USD OTC,2026-07-22 19:33:04,2026-07-22 19:34:04,1.13045,1.13053,2,1.84,USD
call,54fe51ab-e73e-47f5-969c-1d367eb21ebb,S60,EUR/USD OTC,2026-07-22 19:33:04,2026-07-22 19:34:04,1.13045,1.13053,2,1.84,USD
call,ebd6b7b9-da67-4bdb-93c5-929b5a150586,S60,EUR/USD OTC,2026-07-22 19:33:03,2026-07-22 19:34:03,1.13047,1.13051,2,1.84,USD
call,91452495-917a-4709-b17b-5e657a7e71a5,S60,EUR/USD OTC,2026-07-22 19:33:02,2026-07-22 19:34:02,1.13047,1.13048,2,1.84,USD
call,5cb9d3d2-a029-4136-9d6a-b650a4ac4331,S60,EUR/USD OTC,2026-07-22 19:33:01,2026-07-22 19:34:01,1.13047,1.13044,2,-2,USD
call,c571715c-78c2-4e82-81c0-83e08c9749ca,S60,EUR/USD OTC,2026-07-22 19:33:00,2026-07-22 19:34:00,1.1305,1.13046,2,-2,USD
call,f0230b00-8b13-4c9b-b867-8236403f9c7f,S120,EUR/USD OTC,2026-07-22 19:29:11,2026-07-22 19:31:11,1.13065,1.13028,2,-2,USD
call,9c3c5aa2-8bdd-4083-9338-7fafe3632c80,S120,EUR/USD OTC,2026-07-22 19:29:10,2026-07-22 19:31:10,1.13063,1.13031,2,-2,USD
call,8f8f9f0c-33ee-48de-a05d-3bbf485bde09,S120,EUR/USD OTC,2026-07-22 19:29:09,2026-07-22 19:31:09,1.13061,1.1303,2,-2,USD
call,22f4a73e-7d20-4f91-8f53-a85050545567,S120,EUR/USD OTC,2026-07-22 19:29:08,2026-07-22 19:31:08,1.13064,1.13036,2,-2,USD
call,e4524b46-e01a-4355-8e49-df0f29797adb,S120,EUR/USD OTC,2026-07-22 19:29:07,2026-07-22 19:31:07,1.13064,1.13033,2,-2,USD
call,f20a162c-9639-446c-82e2-823aa0bbbf2e,S120,EUR/USD OTC,2026-07-22 19:29:04,2026-07-22 19:31:04,1.13056,1.13027,2,-2,USD
call,ee691961-9247-4190-83e1-ca7f4f66eb84,S60,EUR/USD OTC,2026-07-22 19:26:33,2026-07-22 19:27:33,1.13068,1.13064,2,-2,USD
put,48a193bc-9519-4758-a113-9e4182f81f20,S60,EUR/CHF OTC,2026-07-22 19:18:01,2026-07-22 19:19:01,0.9322,0.93223,2,-2,USD
call,de9bbb8b-9f0d-40a4-85b9-62e3b69c8aa6,S120,AUD/CHF OTC,2026-07-22 19:10:04,2026-07-22 19:12:04,0.56695,0.56708,2,1.54,USD
call,b578eb54-d25b-4ef4-97a9-1af42a972dad,S120,AUD/CHF OTC,2026-07-22 19:10:04,2026-07-22 19:12:04,0.56695,0.56708,2,1.54,USD
call,de53afc6-afd6-4d20-b25c-3714edc0b747,S120,AUD/CHF OTC,2026-07-22 19:10:03,2026-07-22 19:12:03,0.56701,0.5671,2,1.54,USD
call,52256c0a-0e84-4d44-a4e4-fb07b2ec0d91,S120,AUD/CHF OTC,2026-07-22 19:10:03,2026-07-22 19:12:03,0.56697,0.5671,2,1.54,USD
call,95c7b63d-a32e-4ea9-a581-a1f3b799a53d,S120,AUD/CHF OTC,2026-07-22 19:10:02,2026-07-22 19:12:02,0.56667,0.5671,2,1.54,USD
call,535d7df1-4c54-4269-94b7-393d940cd5fc,S120,AUD/CHF OTC,2026-07-22 19:10:02,2026-07-22 19:12:02,0.56694,0.5671,2,1.54,USD
call,d4cdfab5-e6c5-4f6a-ba7b-424a9b70fc6b,S120,AUD/CHF OTC,2026-07-22 19:10:01,2026-07-22 19:12:01,0.56671,0.56717,2,1.54,USD
call,11a353db-7113-4848-a823-c8211db8950d,S120,AUD/CHF OTC,2026-07-22 19:10:01,2026-07-22 19:12:01,0.56667,0.56717,2,1.54,USD
call,dbd107ca-ea35-4555-90d6-74877dcf2e75,S60,AUD/CHF OTC,2026-07-22 19:05:02,2026-07-22 19:06:02,0.5692,0.56891,2,-2,USD
call,00037913-4527-4fb1-b13e-c0ff18b8b662,S60,AUD/CHF OTC,2026-07-22 19:05:01,2026-07-22 19:06:01,0.56921,0.56885,2,-2,USD
put,b646a7ba-8889-4b7b-a723-56ba4d9f3eed,S60,AUD/CHF OTC,2026-07-22 18:54:56,2026-07-22 18:55:56,0.57367,0.57343,2,1.82,USD
put,9c17ee0e-5a45-4337-b33b-e3cbe582d561,S60,AUD/CHF OTC,2026-07-22 18:54:56,2026-07-22 18:55:56,0.57381,0.57343,2,1.82,USD
put,4faa2de0-2065-4c4c-adad-e0eb2a5c6712,S60,AUD/CHF OTC,2026-07-22 18:54:55,2026-07-22 18:55:55,0.57367,0.57326,2,1.82,USD
put,bd04e782-18a5-41bc-8c25-a0cd2177df76,S60,AUD/CHF OTC,2026-07-22 18:54:54,2026-07-22 18:55:54,0.57367,0.57335,2,1.82,USD
put,09e9f2a7-968a-44b0-b2a3-52daa0948fa3,S60,AUD/CHF OTC,2026-07-22 18:54:54,2026-07-22 18:55:54,0.57364,0.57335,2,1.82,USD
put,4dac5d1e-340c-4ce1-b7dd-210e7892db9e,S60,AUD/CHF OTC,2026-07-22 18:54:53,2026-07-22 18:55:53,0.57366,0.5732,2,1.82,USD
put,516800d6-5493-42b1-bfbc-95d7e2af72bf,S60,AUD/CHF OTC,2026-07-22 18:54:52,2026-07-22 18:55:52,0.57366,0.5732,2,1.82,USD
put,33800aed-2a03-4bbf-882c-0a8e8d526024,S60,AUD/CHF OTC,2026-07-22 18:54:52,2026-07-22 18:55:52,0.57366,0.5732,2,1.82,USD
put,34445692-ad05-417e-8e04-4151544e15c7,S60,AUD/CHF OTC,2026-07-22 18:54:51,2026-07-22 18:55:51,0.57357,0.57323,2,1.82,USD
put,ff4a6cbb-ccaa-42ae-815c-04d499239123,S60,AUD/CHF OTC,2026-07-22 18:54:50,2026-07-22 18:55:50,0.57342,0.57331,2,1.82,USD
put,6d28ee98-c19e-433a-97c3-884e20b3a832,S60,AUD/CHF OTC,2026-07-22 18:54:49,2026-07-22 18:55:49,0.57342,0.57339,2,1.82,USD
put,b04bcfac-3056-45f0-bd9e-aec0a3714c3c,S60,AUD/CHF OTC,2026-07-22 18:52:07,2026-07-22 18:53:07,0.57407,0.57466,2,-2,USD
put,c484f285-7f94-449d-80f6-6ac4da004ab6,S60,AUD/CHF OTC,2026-07-22 18:52:06,2026-07-22 18:53:06,0.574,0.57452,2,-2,USD
put,e836ba06-c38f-4457-8b3b-adbb5778a843,S60,AUD/CHF OTC,2026-07-22 18:52:05,2026-07-22 18:53:05,0.57403,0.57472,2,-2,USD
put,c34afd91-8b3f-429f-8116-6dc2e72f236d,S60,AUD/CHF OTC,2026-07-22 18:52:03,2026-07-22 18:53:03,0.57387,0.57471,2,-2,USD
call,9f34f45d-6554-45fb-8125-e78575b75a7b,S60,AUD/CHF OTC,2026-07-22 18:49:03,2026-07-22 18:50:03,0.57228,0.57335,2,1.84,USD
call,add88a02-1717-4064-a06b-d281ca3ef6f4,S60,AUD/CHF OTC,2026-07-22 18:49:02,2026-07-22 18:50:02,0.57232,0.57337,2,1.84,USD
put,da47d5f7-9d07-4a91-9db5-8b1020c9609a,S60,AUD/CHF OTC,2026-07-22 18:42:03,2026-07-22 18:43:03,0.57824,0.57662,2,1.84,USD
put,dced8538-a798-45b3-b172-8f18f98c6dd3,S60,AUD/CHF OTC,2026-07-22 18:42:01,2026-07-22 18:43:01,0.57828,0.57656,2,1.84,USD
put,34c1bebc-ca4d-4162-a43d-761a7719192e,S60,AUD/CHF OTC,2026-07-22 18:40:09,2026-07-22 18:41:09,0.57986,0.57893,2,1.84,USD
put,1896096e-7ed1-4829-8ad4-eb7c70b8c376,S60,AUD/CHF OTC,2026-07-22 18:40:09,2026-07-22 18:41:09,0.57989,0.57893,2,1.84,USD
put,7868d3b7-bfb1-4ca8-85ce-a4a3b982647f,S60,AUD/CHF OTC,2026-07-22 18:39:01,2026-07-22 18:40:01,0.57998,0.57993,2,1.84,USD
put,b9ecc842-4b87-4374-b034-0db02975b9a9,S60,AUD/CHF OTC,2026-07-22 18:37:04,2026-07-22 18:38:04,0.58015,0.57992,2,1.84,USD
put,b3e6254b-9a7e-4357-8a0a-160330b3a365,S60,AUD/CHF OTC,2026-07-22 18:37:02,2026-07-22 18:38:02,0.58022,0.57991,2,1.84,USD
put,59bdbb05-3b19-4e2c-b88e-72b5fd9b546b,S60,AUD/CHF OTC,2026-07-22 18:37:02,2026-07-22 18:38:02,0.58022,0.57991,2,1.84,USD
put,9240301f-dbca-49da-a0c7-493de64bb328,S60,AUD/CHF OTC,2026-07-22 18:37:00,2026-07-22 18:38:00,0.58021,0.57944,2,1.84,USD
put,68e4302d-7a22-450a-8531-a073229e8882,S60,AUD/CHF OTC,2026-07-22 18:36:59,2026-07-22 18:37:59,0.58024,0.57937,2,1.84,USD
put,f5208628-db9f-4244-837c-c8c2b4893434,S120,AUD/CHF OTC,2026-07-22 18:31:46,2026-07-22 18:33:46,0.5786,0.57828,2,1.84,USD
put,d9d4619a-89bb-4ef3-995e-9dff8876d978,S120,AUD/CHF OTC,2026-07-22 18:31:46,2026-07-22 18:33:46,0.57852,0.57828,2,1.84,USD
put,d6a379ca-3e18-438e-929d-6f885a2ff7fb,S120,AUD/CHF OTC,2026-07-22 18:31:45,2026-07-22 18:33:45,0.57867,0.57823,2,1.84,USD
put,053bd744-6e14-4ed1-b925-b580b866ae46,S120,AUD/CHF OTC,2026-07-22 18:31:44,2026-07-22 18:33:44,0.57863,0.57822,2,1.84,USD
put,bc1be9d5-6047-4ddc-86a5-1a014dacd122,S120,AUD/CHF OTC,2026-07-22 18:31:43,2026-07-22 18:33:43,0.57856,0.57825,2,1.84,USD
put,9f2fa4ce-b4ec-432d-a429-a0cfb101cbdb,S120,AUD/CHF OTC,2026-07-22 18:31:43,2026-07-22 18:33:43,0.5786,0.57825,2,1.84,USD
put,928e1ee1-5e14-434e-99c1-56058a55d9ee,S60,AUD/USD OTC,2026-07-22 18:24:17,2026-07-22 18:25:17,0.71124,0.71118,2,1.84,USD
put,0f8fb86c-6254-4ac3-9f7a-3c55b945ff8b,S60,AUD/USD OTC,2026-07-22 18:24:16,2026-07-22 18:25:16,0.71121,0.71116,2,1.84,USD
put,c783f60d-96b5-4161-ba15-82f0609c5767,S60,AUD/USD OTC,2026-07-22 18:24:15,2026-07-22 18:25:15,0.7112,0.71115,2,1.84,USD
put,17131eb8-1eae-447a-86e0-93c15fbc759e,S60,AUD/USD OTC,2026-07-22 18:24:14,2026-07-22 18:25:14,0.71127,0.71113,2,1.84,USD
put,56f2ebe3-4e96-4355-82cf-58d43567bb96,S60,AUD/USD OTC,2026-07-22 18:23:07,2026-07-22 18:24:07,0.71143,0.71143,2,0,USD
put,310b982f-031e-4087-ad05-e8dd070cbf64,S60,AUD/USD OTC,2026-07-22 18:23:06,2026-07-22 18:24:06,0.71144,0.71148,2,-2,USD
put,25ba0d5e-4e12-47af-a967-43e7c0664265,S60,AUD/USD OTC,2026-07-22 18:23:04,2026-07-22 18:24:04,0.71143,0.71145,2,-2,USD
put,1b5f7395-81b3-4850-b662-7a4f12418d49,S60,AUD/USD OTC,2026-07-22 18:23:01,2026-07-22 18:24:01,0.71147,0.71135,2,1.84,USD
put,b9cf0ee3-653a-4aa6-a83f-ede2d80a24a5,S60,AUD/USD OTC,2026-07-22 18:23:00,2026-07-22 18:24:00,0.71145,0.71145,2,0,USD
put,be21770d-0f2b-49ec-a830-45a1db8cdfad,S60,AUD/USD OTC,2026-07-22 18:19:04,2026-07-22 18:20:04,0.7128,0.71175,2,1.84,USD
put,c6329dc5-ffab-4020-84f7-a879708f95d4,S60,AUD/USD OTC,2026-07-22 18:19:03,2026-07-22 18:20:03,0.71273,0.71172,2,1.84,USD
put,28da11f0-90d3-4c98-a316-5b8238be3eb0,S60,AUD/USD OTC,2026-07-22 18:19:02,2026-07-22 18:20:02,0.71273,0.7117,2,1.84,USD
put,20052e5c-8e32-4e24-99f3-40df73000cb3,S60,AUD/USD OTC,2026-07-22 18:19:00,2026-07-22 18:20:00,0.7126,0.71173,2,1.84,USD
put,cb330fd0-5c32-4d59-a2c6-8a6dc821a2b5,S60,AUD/USD OTC,2026-07-22 18:16:27,2026-07-22 18:17:27,0.71204,0.71207,2,-2,USD
put,18775d50-b7cd-43ed-9ac5-c45b2468e497,S60,AUD/USD OTC,2026-07-22 18:16:26,2026-07-22 18:17:26,0.71204,0.71204,2,0,USD
put,b20c6afc-5434-4d47-89df-026e04838b24,S60,AUD/USD OTC,2026-07-22 18:16:25,2026-07-22 18:17:25,0.71203,0.71204,2,-2,USD
put,13fa4f06-583b-465b-925f-9eb591dab5a5,S60,AUD/USD OTC,2026-07-22 18:16:24,2026-07-22 18:17:24,0.71202,0.71214,2,-2,USD
put,20c04612-6d6e-4c58-bab7-9e3be2f70df2,S60,AUD/USD OTC,2026-07-22 18:16:23,2026-07-22 18:17:23,0.71206,0.71214,2,-2,USD
put,ea3de9f6-88d5-4e29-8866-9fcdb496a8ba,S60,AUD/USD OTC,2026-07-22 18:16:22,2026-07-22 18:17:22,0.71209,0.71214,2,-2,USD
put,188865f8-637d-47a2-910b-86c529ab5a37,S60,AUD/USD OTC,2026-07-22 18:16:21,2026-07-22 18:17:21,0.71209,0.71216,2,-2,USD
put,4086b7d5-d810-41d4-b803-5aa8706bcd29,S60,AUD/USD OTC,2026-07-22 18:16:19,2026-07-22 18:17:19,0.71199,0.71214,2,-2,USD
put,d0029b5a-c2f0-4a87-b76d-2f9eebe5b1ef,S60,AUD/USD OTC,2026-07-22 18:16:18,2026-07-22 18:17:18,0.71202,0.71211,2,-2,USD
put,bdb376fa-7d60-4802-b715-9bc5e811782f,S60,AUD/USD OTC,2026-07-22 18:16:16,2026-07-22 18:17:16,0.71204,0.71214,2,-2,USD
put,e4f81c85-d1ec-4487-ac13-2036644661a2,S60,AUD/USD OTC,2026-07-22 18:16:15,2026-07-22 18:17:15,0.71207,0.71218,2,-2,USD
put,167ab4ba-7401-41a8-9186-966fe40f96c6,S60,AUD/USD OTC,2026-07-22 18:16:14,2026-07-22 18:17:14,0.71202,0.71219,2,-2,USD
put,66c6b86c-3918-41aa-bf6a-323afb659557,S60,AUD/USD OTC,2026-07-22 18:16:13,2026-07-22 18:17:13,0.71198,0.71217,2,-2,USD
put,b0b039be-0c72-42f2-a36e-5429d3565e40,S60,AUD/USD OTC,2026-07-22 18:16:12,2026-07-22 18:17:12,0.71198,0.71217,2,-2,USD
put,23ca35d8-2bba-4f00-9eec-6326d99ae3d4,S60,AUD/USD OTC,2026-07-22 18:15:08,2026-07-22 18:16:08,0.71203,0.71201,2,1.84,USD
put,e2b91b5b-4fd8-4ac1-a041-a22f4e9e3f3d,S60,AUD/USD OTC,2026-07-22 18:15:07,2026-07-22 18:16:07,0.71187,0.712,2,-2,USD
put,2133fc9e-35b4-4f6a-85c8-9028c83c58db,S60,AUD/USD OTC,2026-07-22 18:15:07,2026-07-22 18:16:07,0.71199,0.712,2,-2,USD
put,72c5dc6b-ec61-42e1-9b57-4bf06edc69db,S60,AUD/USD OTC,2026-07-22 18:15:06,2026-07-22 18:16:06,0.71186,0.71205,2,-2,USD
put,5cadbb0e-7b72-4b94-9b29-578439ae93d8,S60,AUD/USD OTC,2026-07-22 18:15:05,2026-07-22 18:16:05,0.71187,0.71208,2,-2,USD
put,385fab10-aca7-4c14-805f-1fab6ae6f3b1,S60,AUD/USD OTC,2026-07-22 18:15:04,2026-07-22 18:16:04,0.712,0.71211,2,-2,USD
put,4cd94f4f-97a2-40bc-8b95-95d24c277f90,S60,AUD/USD OTC,2026-07-22 18:15:03,2026-07-22 18:16:03,0.71197,0.71215,2,-2,USD
put,f63dfc38-1780-4083-a665-bf0125b329cf,S60,AUD/USD OTC,2026-07-22 18:15:02,2026-07-22 18:16:02,0.71187,0.71219,2,-2,USD
put,7555f617-20e4-487d-ae6a-de184e9a550f,S60,AUD/USD OTC,2026-07-22 18:15:01,2026-07-22 18:16:01,0.71186,0.71218,2,-2,USD
put,5727ef77-1d8d-40cc-9bf3-3a556ec1d979,S60,AUD/USD OTC,2026-07-22 18:15:00,2026-07-22 18:16:00,0.71188,0.71217,2,-2,USD
put,5224380e-a9d3-4595-bcf3-38b291359f2c,S60,AUD/USD OTC,2026-07-22 18:11:59,2026-07-22 18:12:59,0.7117,0.71204,2,-2,USD
put,20dfc472-2142-4876-8d51-b27e6defb15e,S60,AUD/USD OTC,2026-07-22 18:11:58,2026-07-22 18:12:58,0.71158,0.71204,2,-2,USD
put,0dbeffe4-942c-4926-b196-795395df7cf2,S60,AUD/USD OTC,2026-07-22 18:11:57,2026-07-22 18:12:57,0.71155,0.71202,2,-2,USD
put,00d64baf-44e0-46b6-993b-7c87f74f17ec,S60,AUD/USD OTC,2026-07-22 18:11:56,2026-07-22 18:12:56,0.71152,0.71208,2,-2,USD
put,1ceb3a0d-2ae6-437f-8f80-c14a876b39a4,S60,AUD/USD OTC,2026-07-22 18:11:55,2026-07-22 18:12:55,0.7115,0.71205,2,-2,USD
put,48c757e3-d723-4afd-847d-4e8994c7e4df,S60,AUD/USD OTC,2026-07-22 18:09:43,2026-07-22 18:10:43,0.71088,0.71124,2,-2,USD
put,e8189b16-30ee-443e-9baf-336e86601ddd,S60,AUD/USD OTC,2026-07-22 18:09:41,2026-07-22 18:10:41,0.71086,0.71124,2,-2,USD
put,9c71792a-573d-4a0d-898f-05b5a730893b,S60,AUD/NZD OTC,2026-07-22 17:50:00,2026-07-22 17:51:00,1.32649,1.32572,2,1.68,USD
call,1e0d124d-202e-4160-ae88-be8e9cd6a7a0,S60,AUD/NZD OTC,2026-07-22 17:40:05,2026-07-22 17:41:05,1.32189,1.32229,2,1.82,USD
call,45cc2bac-4891-42fb-a23d-4ff0a4613d17,S60,AUD/NZD OTC,2026-07-22 17:40:02,2026-07-22 17:41:02,1.32177,1.32224,2,1.82,USD
call,609bc209-71b0-4bbd-8206-7beb8b79cf98,S60,AUD/NZD OTC,2026-07-22 17:40:01,2026-07-22 17:41:01,1.3215,1.32221,2,1.82,USD
put,e4eca1dd-8c9f-45b0-af97-928a84f2b940,S60,AUD/NZD OTC,2026-07-22 17:38:08,2026-07-22 17:39:08,1.32245,1.32127,2,1.84,USD
put,f93c795c-304c-4afd-b05e-7b61e8589ec3,S60,AUD/NZD OTC,2026-07-22 17:38:00,2026-07-22 17:39:00,1.32278,1.32108,2,1.84,USD
put,5c0375d0-2036-4fd2-9279-794f9d99de88,S60,AUD/NZD OTC,2026-07-22 17:35:36,2026-07-22 17:36:36,1.32485,1.32297,2,1.84,USD
put,9098692d-3ee9-4b61-9921-de6fedd230a3,S60,AUD/NZD OTC,2026-07-22 17:30:01,2026-07-22 17:31:01,1.3248,1.32368,2,1.84,USD
put,a18a100e-d89e-48f4-92a8-ef807a78c8e3,S60,AUD/NZD OTC,2026-07-22 17:23:03,2026-07-22 17:24:03,1.32985,1.32835,2,1.84,USD
put,d69d7bdc-0b6d-485b-a1d3-97a36a4f515e,S60,AUD/NZD OTC,2026-07-22 17:18:02,2026-07-22 17:19:02,1.33049,1.32961,2,1.84,USD
put,893ce6f7-d5d3-4326-8b40-31cd9af42b87,S60,AUD/NZD OTC,2026-07-22 17:18:01,2026-07-22 17:19:01,1.33045,1.32949,2,1.84,USD
call,cee2a194-0e53-4953-905a-18fc7ebf5cbc,S60,AUD/NZD OTC,2026-07-22 17:08:27,2026-07-22 17:09:27,1.32913,1.33045,2,1.84,USD
put,3b8538e4-6405-4593-ae52-bac68a84b40a,S60,AUD/NZD OTC,2026-07-22 17:05:01,2026-07-22 17:06:01,1.33181,1.33075,2,1.84,USD
put,28b66fa0-fd0e-4524-9627-7065896f13cb,S60,AUD/NZD OTC,2026-07-22 17:03:26,2026-07-22 17:04:26,1.33249,1.33212,2,1.84,USD
put,b680d32c-f001-46eb-bfcd-15ba660bcd19,S60,AUD/NZD OTC,2026-07-22 17:03:25,2026-07-22 17:04:25,1.33247,1.33197,2,1.84,USD
put,8c368efe-3a5d-4528-b851-885fc52e74de,S60,AUD/NZD OTC,2026-07-22 17:03:24,2026-07-22 17:04:24,1.33257,1.33199,2,1.84,USD
call,228bdc10-a2b4-4b35-a43c-89dd16d19f0d,S60,AUD/NZD OTC,2026-07-22 17:02:19,2026-07-22 17:03:19,1.33312,1.33338,2,1.84,USD
call,04ffd2fb-d18c-41a4-befc-b14f6881f897,S60,AUD/NZD OTC,2026-07-22 17:02:18,2026-07-22 17:03:18,1.33331,1.33341,2,1.84,USD
call,0019dd4a-9017-4a24-ab9a-d68e3ad1e4e5,S60,AUD/NZD OTC,2026-07-22 17:02:17,2026-07-22 17:03:17,1.33318,1.33335,2,1.84,USD
call,c7c42b5b-463d-4ec2-936c-acadce6cfc3c,S60,AUD/NZD OTC,2026-07-22 17:02:16,2026-07-22 17:03:16,1.33318,1.33341,2,1.84,USD
call,9556151d-4167-44d7-a81f-bd9c31b1ca2a,S60,AUD/NZD OTC,2026-07-22 17:02:15,2026-07-22 17:03:15,1.33323,1.33319,2,-2,USD
call,fc4a32d0-dd09-429d-a6c7-ca2ef19d323a,S60,AUD/NZD OTC,2026-07-22 17:02:14,2026-07-22 17:03:14,1.33343,1.33328,2,-2,USD
call,ea2e636b-06be-4ac5-b322-26baf467bafd,S60,AUD/NZD OTC,2026-07-22 17:01:09,2026-07-22 17:02:09,1.33406,1.33354,2,-2,USD
call,78192ccd-14ab-49fe-ae44-552afa847d24,S60,AUD/NZD OTC,2026-07-22 17:01:08,2026-07-22 17:02:08,1.33406,1.33349,2,-2,USD
call,414c6bd0-dba7-4ee2-8d31-dd24272617df,S60,AUD/NZD OTC,2026-07-22 17:00:00,2026-07-22 17:01:00,1.33476,1.33405,2,-2,USD
put,e948ed1b-a358-43b5-a1e2-bd5f898a0add,S60,AUD/NZD OTC,2026-07-22 16:58:10,2026-07-22 16:59:10,1.3356,1.33432,2,1.84,USD
put,6f1ea90d-48f9-4165-8602-64e35b04f0ae,S60,AUD/NZD OTC,2026-07-22 16:58:09,2026-07-22 16:59:09,1.33564,1.33428,2,1.84,USD
put,7714cdb4-da5d-4de4-b37b-d21f3643f5da,S60,AUD/NZD OTC,2026-07-22 16:57:03,2026-07-22 16:58:03,1.33713,1.33615,2,1.84,USD
put,859ce350-55f1-42b6-b5fa-324f321d70e2,S60,AUD/NZD OTC,2026-07-22 16:55:02,2026-07-22 16:56:02,1.33671,1.33639,2,1.84,USD
put,5d2cb6fb-adb0-4cd1-bad4-79d14e72a653,S60,AUD/NZD OTC,2026-07-22 16:55:01,2026-07-22 16:56:01,1.33665,1.3365,2,1.84,USD
put,e2f7310b-16dd-4b0c-b9b0-1c73f2d734e3,S60,AUD/NZD OTC,2026-07-22 16:55:00,2026-07-22 16:56:00,1.33665,1.33658,2,1.84,USD
put,ef00c675-8994-4037-bdac-238f583bcdfa,S60,AUD/NZD OTC,2026-07-22 16:54:59,2026-07-22 16:55:59,1.33685,1.33602,2,1.84,USD
put,86c2471e-aa9a-4d2a-8736-6fe111cf30cb,S60,AUD/NZD OTC,2026-07-22 16:54:58,2026-07-22 16:55:58,1.337,1.33604,2,1.84,USD
put,74262245-74e0-4bb5-95fe-33da48860bc4,S60,AUD/NZD OTC,2026-07-22 16:54:57,2026-07-22 16:55:57,1.33695,1.3364,2,1.84,USD
put,b5528526-e011-4e10-95c1-23aeb27a2188,S60,AUD/NZD OTC,2026-07-22 16:54:56,2026-07-22 16:55:56,1.33728,1.33646,2,1.84,USD
put,1534517a-911a-4cae-b5ed-9196f0c79eac,S60,AUD/NZD OTC,2026-07-22 16:54:55,2026-07-22 16:55:55,1.33729,1.33627,2,1.84,USD
put,ddb5d51d-c627-4d3e-8dc2-6e1a0515efbc,S60,AUD/NZD OTC,2026-07-22 16:53:51,2026-07-22 16:54:51,1.33719,1.33711,2,1.84,USD
put,6e09f61f-ee3c-444e-beea-be494bf81d99,S60,AUD/NZD OTC,2026-07-22 16:53:50,2026-07-22 16:54:50,1.33722,1.33738,2,-2,USD
put,e3933b6f-f28d-45c2-994b-cb5b99153db5,S60,AUD/NZD OTC,2026-07-22 16:53:49,2026-07-22 16:54:49,1.33714,1.33751,2,-2,USD
put,d5bae5cd-65e9-4283-9491-b74b4e6387e0,S60,AUD/NZD OTC,2026-07-22 16:53:48,2026-07-22 16:54:48,1.33738,1.33763,2,-2,USD
put,5f9963c8-0c1e-470d-9bc1-f2584afd0fbf,S900,EUR/CHF OTC,2026-07-22 16:24:15,2026-07-22 16:39:15,0.92912,0.92433,2,1.48,USD
put,b535fa5b-ad80-457b-a19f-c5bd74bbf2cd,S900,EUR/CHF OTC,2026-07-22 16:24:13,2026-07-22 16:39:13,0.92913,0.92429,2,1.48,USD